Workbook

Sheet Dashboard
A1: THE RANKERS ACADEMY — LEAD TRACKING DASHBOARD
A3: Live conversion pipeline | Updated automatically from Leads sheet
A5: OVERALL FUNNEL
A6: Total Leads | B6: Fresh / Not Contacted | C6: Contacted | D6: Interested | E6: Counselling Booked | F6: Counselling Done | G6: ADMITTED | H6: Lost / Not Interested
A7: =COUNTA(Leads!B3:B1000) -> 3 | B7: =COUNTIF(Leads!I3:I1000,"Fresh") -> 1 | C7: =COUNTIF(Leads!I3:I1000,"Contacted") -> 0 | D7: =COUNTIF(Leads!I3:I1000,"Interested") -> 1 | E7: =COUNTIF(Leads!I3:I1000,"Counselling Booked") -> 1 | F7: =COUNTIF(Leads!I3:I1000,"Counselling Done") -> 0 | G7: =COUNTIF(Leads!I3:I1000,"Admitted") -> 0 | H7: =COUNTIF(Leads!I3:I1000,"Lost")+COUNTIF(Leads!I3:I1000,"Not Interested") -> 0
A9: Lead → Admitted Conversion % | E9: =IFERROR(G7/A7,0) -> 0
A11: CALLER PERFORMANCE
A12: Caller | B12: Leads Assigned | C12: Contacted | D12: Interested | E12: Counselling Booked | F12: Admitted | G12: Lost | H12: Conversion %
A13: Anjali | B13: =COUNTIF(Leads!H3:H1000,"Anjali") -> 2 | C13: =COUNTIFS(Leads!H3:H1000,"Anjali",Leads!I3:I1000,"Contacted")+COUNTIFS(Leads!H3:H1000,"Anjali",Leads!I3:I1000,"Interested")+COUNTIFS(Leads!H3:H1000,"Anjali",Leads!I3:I1000,"Counselling Booked")+COUNTIFS(Leads!H3:H1000,"Anjali",Leads!I3:I1000,"Counselling Done")+COUNTIFS(Leads!H3:H1000,"Anjali",Leads!I3:I1000,"Admitted") -> 1 | D13: =COUNTIFS(Leads!H3:H1000,"Anjali",Leads!I3:I1000,"Interested") -> 0 | E13: =COUNTIFS(Leads!H3:H1000,"Anjali",Leads!I3:I1000,"Counselling Booked") -> 1 | F13: =COUNTIFS(Leads!H3:H1000,"Anjali",Leads!I3:I1000,"Admitted") -> 0 | G13: =COUNTIFS(Leads!H3:H1000,"Anjali",Leads!I3:I1000,"Lost")+COUNTIFS(Leads!H3:H1000,"Anjali",Leads!I3:I1000,"Not Interested") -> 0 | H13: =IFERROR(F13/B13,0) -> 0
A14: Samiksha | B14: =COUNTIF(Leads!H3:H1000,"Samiksha") -> 1 | C14: =COUNTIFS(Leads!H3:H1000,"Samiksha",Leads!I3:I1000,"Contacted")+COUNTIFS(Leads!H3:H1000,"Samiksha",Leads!I3:I1000,"Interested")+COUNTIFS(Leads!H3:H1000,"Samiksha",Leads!I3:I1000,"Counselling Booked")+COUNTIFS(Leads!H3:H1000,"Samiksha",Leads!I3:I1000,"Counselling Done")+COUNTIFS(Leads!H3:H1000,"Samiksha",Leads!I3:I1000,"Admitted") -> 1 | D14: =COUNTIFS(Leads!H3:H1000,"Samiksha",Leads!I3:I1000,"Interested") -> 1 | E14: =COUNTIFS(Leads!H3:H1000,"Samiksha",Leads!I3:I1000,"Counselling Booked") -> 0 | F14: =COUNTIFS(Leads!H3:H1000,"Samiksha",Leads!I3:I1000,"Admitted") -> 0 | G14: =COUNTIFS(Leads!H3:H1000,"Samiksha",Leads!I3:I1000,"Lost")+COUNTIFS(Leads!H3:H1000,"Samiksha",Leads!I3:I1000,"Not Interested") -> 0 | H14: =IFERROR(F14/B14,0) -> 0
A15: Unassigned | B15: =COUNTIF(Leads!H3:H1000,"Unassigned") -> 0 | C15: =COUNTIFS(Leads!H3:H1000,"Unassigned",Leads!I3:I1000,"Contacted")+COUNTIFS(Leads!H3:H1000,"Unassigned",Leads!I3:I1000,"Interested")+COUNTIFS(Leads!H3:H1000,"Unassigned",Leads!I3:I1000,"Counselling Booked")+COUNTIFS(Leads!H3:H1000,"Unassigned",Leads!I3:I1000,"Counselling Done")+COUNTIFS(Leads!H3:H1000,"Unassigned",Leads!I3:I1000,"Admitted") -> 0 | D15: =COUNTIFS(Leads!H3:H1000,"Unassigned",Leads!I3:I1000,"Interested") -> 0 | E15: =COUNTIFS(Leads!H3:H1000,"Unassigned",Leads!I3:I1000,"Counselling Booked") -> 0 | F15: =COUNTIFS(Leads!H3:H1000,"Unassigned",Leads!I3:I1000,"Admitted") -> 0 | G15: =COUNTIFS(Leads!H3:H1000,"Unassigned",Leads!I3:I1000,"Lost")+COUNTIFS(Leads!H3:H1000,"Unassigned",Leads!I3:I1000,"Not Interested") -> 0 | H15: =IFERROR(F15/B15,0) -> 0
A17: LEAD SOURCE BREAKDOWN
A18: Source | C18: Total Leads | E18: Admitted | G18: Source Conversion %
A19: Walk-in | C19: =COUNTIF(Leads!E3:E1000,"Walk-in") -> 1 | E19: =COUNTIFS(Leads!E3:E1000,"Walk-in",Leads!I3:I1000,"Admitted") -> 0 | G19: =IFERROR(E19/C19,0) -> 0
A20: Phone Enquiry | C20: =COUNTIF(Leads!E3:E1000,"Phone Enquiry") -> 0 | E20: =COUNTIFS(Leads!E3:E1000,"Phone Enquiry",Leads!I3:I1000,"Admitted") -> 0 | G20: =IFERROR(E20/C20,0) -> 0
A21: Instagram / Facebook | C21: =COUNTIF(Leads!E3:E1000,"Instagram / Facebook") -> 1 | E21: =COUNTIFS(Leads!E3:E1000,"Instagram / Facebook",Leads!I3:I1000,"Admitted") -> 0 | G21: =IFERROR(E21/C21,0) -> 0
A22: WhatsApp / Broadcast | C22: =COUNTIF(Leads!E3:E1000,"WhatsApp / Broadcast") -> 0 | E22: =COUNTIFS(Leads!E3:E1000,"WhatsApp / Broadcast",Leads!I3:I1000,"Admitted") -> 0 | G22: =IFERROR(E22/C22,0) -> 0
A23: Website Form | C23: =COUNTIF(Leads!E3:E1000,"Website Form") -> 0 | E23: =COUNTIFS(Leads!E3:E1000,"Website Form",Leads!I3:I1000,"Admitted") -> 0 | G23: =IFERROR(E23/C23,0) -> 0
A24: Referral (Parent) | C24: =COUNTIF(Leads!E3:E1000,"Referral (Parent)") -> 1 | E24: =COUNTIFS(Leads!E3:E1000,"Referral (Parent)",Leads!I3:I1000,"Admitted") -> 0 | G24: =IFERROR(E24/C24,0) -> 0
A25: Referral (Student) | C25: =COUNTIF(Leads!E3:E1000,"Referral (Student)") -> 0 | E25: =COUNTIFS(Leads!E3:E1000,"Referral (Student)",Leads!I3:I1000,"Admitted") -> 0 | G25: =IFERROR(E25/C25,0) -> 0
A26: School Visit / Outreach | C26: =COUNTIF(Leads!E3:E1000,"School Visit / Outreach") -> 0 | E26: =COUNTIFS(Leads!E3:E1000,"School Visit / Outreach",Leads!I3:I1000,"Admitted") -> 0 | G26: =IFERROR(E26/C26,0) -> 0
A27: Newspaper / Leaflet | C27: =COUNTIF(Leads!E3:E1000,"Newspaper / Leaflet") -> 0 | E27: =COUNTIFS(Leads!E3:E1000,"Newspaper / Leaflet",Leads!I3:I1000,"Admitted") -> 0 | G27: =IFERROR(E27/C27,0) -> 0
A28: Other | C28: =COUNTIF(Leads!E3:E1000,"Other") -> 0 | E28: =COUNTIFS(Leads!E3:E1000,"Other",Leads!I3:I1000,"Admitted") -> 0 | G28: =IFERROR(E28/C28,0) -> 0
A31: TODAY'S URGENT ACTIONS
A32: Follow-ups due TODAY | F32: =COUNTIFS(Leads!K3:K1000,TODAY(),Leads!I3:I1000,"<>Admitted",Leads!I3:I1000,"<>Lost",Leads!I3:I1000,"<>Not Interested") -> 2
A33: Overdue Follow-ups (date passed) | F33: =COUNTIFS(Leads!K3:K1000,"<"&TODAY(),Leads!K3:K1000,">"&0,Leads!I3:I1000,"<>Admitted",Leads!I3:I1000,"<>Lost",Leads!I3:I1000,"<>Not Interested") -> 0
A34: Counsellings scheduled today | F34: =COUNTIF(Counselling!B3:B500,TODAY()) -> 0
A36: THE RANKERS ACADEMY | Plot 10, Buty Layout, RPTS Road, Laxmi Nagar, Nagpur 440022 | Mob: 8329100890

Sheet Leads
A1: LEADS — Single Source of Truth (edit only here)
A2: Lead ID | B2: Date Added | C2: Student Name | D2: Parent Name | E2: Source | F2: Phone | G2: Class / Stream | H2: Assigned To | I2: Status | J2: Last Contact Date | K2: Next Action Date | L2: Next Action | M2: Counsellor | N2: Counselling Date | O2: Fee Quoted (₹) | P2: Fee Collected (₹) | Q2: Days in Pipeline | R2: Remarks
A3: L0001 | B3: 46157 | C3: Aarav Sharma | D3: Mr Rajesh Sharma | E3: Walk-in | F3: 9876543210 | G3: Class XI PCM (JEE) | H3: Anjali | I3: Counselling Booked | J3: 46160 | K3: 46161 | L3: Confirm counselling slot | M3: Madhu | N3: 46162 | O3: 150000 | P3: 0 | Q3: =IF(B3="","",TODAY()-B3) -> 4 | R3: Parent very keen, asked about JEE results
A4: L0002 | B4: 46159 | C4: Diya Patel | D4: Mrs Sunita Patel | E4: Instagram / Facebook | F4: 9123456789 | G4: Class XII PCB (NEET) | H4: Samiksha | I4: Interested | J4: 46160 | K4: 46162 | L4: Send fee structure on WhatsApp | O4: 150000 | P4: 0 | Q4: =IF(B4="","",TODAY()-B4) -> 2 | R4: Compared with another coaching, wants demo class
A5: L0003 | B5: 46160 | C5: Karan Deshmukh | D5: Mr Anil Deshmukh | E5: Referral (Parent) | F5: 9988776655 | G5: Class IX Foundation | H5: Anjali | I5: Fresh | K5: 46161 | L5: First call | O5: 0 | P5: 0 | Q5: =IF(B5="","",TODAY()-B5) -> 1 | R5: Reference from Mr Joshi (existing parent)
A6: =IF(C6="","","L"&TEXT(ROW()-2,"0000")) | Q6: =IF(B6="","",TODAY()-B6)
A7: =IF(C7="","","L"&TEXT(ROW()-2,"0000")) | Q7: =IF(B7="","",TODAY()-B7)
A8: =IF(C8="","","L"&TEXT(ROW()-2,"0000")) | Q8: =IF(B8="","",TODAY()-B8)
A9: =IF(C9="","","L"&TEXT(ROW()-2,"0000")) | Q9: =IF(B9="","",TODAY()-B9)
A10: =IF(C10="","","L"&TEXT(ROW()-2,"0000")) | Q10: =IF(B10="","",TODAY()-B10)
A11: =IF(C11="","","L"&TEXT(ROW()-2,"0000")) | Q11: =IF(B11="","",TODAY()-B11)
A12: =IF(C12="","","L"&TEXT(ROW()-2,"0000")) | Q12: =IF(B12="","",TODAY()-B12)
A13: =IF(C13="","","L"&TEXT(ROW()-2,"0000")) | Q13: =IF(B13="","",TODAY()-B13)
A14: =IF(C14="","","L"&TEXT(ROW()-2,"0000")) | Q14: =IF(B14="","",TODAY()-B14)
A15: =IF(C15="","","L"&TEXT(ROW()-2,"0000")) | Q15: =IF(B15="","",TODAY()-B15)
A16: =IF(C16="","","L"&TEXT(ROW()-2,"0000")) | Q16: =IF(B16="","",TODAY()-B16)
A17: =IF(C17="","","L"&TEXT(ROW()-2,"0000")) | Q17: =IF(B17="","",TODAY()-B17)
... A200: =IF(C200="","","L"&TEXT(ROW()-2,"0000")) | Q200: =IF(B200="","",TODAY()-B200)

Sheet Counselling
A1: MADHU — COUNSELLING SLOT CALENDAR
A2: Working hours: 10:45 AM – 6:45 PM | Slots: 30 min each | Book only via callers (Anjali / Samiksha)
A3: Sr No | B3: Date | C3: Time Slot | D3: Lead ID | E3: Student / Parent Name | F3: Class / Stream | G3: Booked By (Caller) | H3: Outcome
A4: 1 | B4: 46162 | C4: 11:00 AM – 11:30 AM | D4: L0001 | E4: Aarav Sharma / Rajesh Sharma | F4: Class XI PCM (JEE) | G4: Anjali | H4: Pending
A5: 2 | B5: 46162 | C5: 4:30 PM – 5:00 PM | E5: Walk-in slot (kept reserved) | G5: Reserved | H5: Pending
A6: =IF(B6="","",ROW()-3)
A7: =IF(B7="","",ROW()-3)
A8: =IF(B8="","",ROW()-3)
A9: =IF(B9="","",ROW()-3)
A10: =IF(B10="","",ROW()-3)
A11: =IF(B11="","",ROW()-3)
A12: =IF(B12="","",ROW()-3)
A13: =IF(B13="","",ROW()-3)
A14: =IF(B14="","",ROW()-3)
A15: =IF(B15="","",ROW()-3)
A16: =IF(B16="","",ROW()-3)
A17: =IF(B17="","",ROW()-3)
... A100: =IF(B100="","",ROW()-3)

Sheet Daily Activity
A1: DAILY CALLER ACTIVITY LOG
A2: Both callers log daily numbers here at EOD. Reviewed at morning huddle.
A3: Date | B3: Caller | C3: Dials Made | D3: Connects | E3: Connect % | F3: Interested Leads | G3: Counsellings Booked | H3: Follow-ups Done | I3: Admissions Closed Today | J3: Notes / Blockers
A4: 46160 | B4: Anjali | C4: 48 | D4: 22 | E4: =IFERROR(D4/C4,0) -> 0.45833333 | F4: 6 | G4: 3 | H4: 8 | I4: 0 | J4: Good response from Instagram leads
A5: 46160 | B5: Samiksha | C5: 42 | D5: 18 | E5: =IFERROR(D5/C5,0) -> 0.42857143 | F5: 4 | G5: 2 | H5: 12 | I5: 1 | J5: Closed 1 admission from old enquiry list
E6: =IFERROR(D6/C6,0) -> 0
E7: =IFERROR(D7/C7,0) -> 0
E8: =IFERROR(D8/C8,0) -> 0
E9: =IFERROR(D9/C9,0) -> 0
E10: =IFERROR(D10/C10,0) -> 0
E11: =IFERROR(D11/C11,0) -> 0
E12: =IFERROR(D12/C12,0) -> 0
E13: =IFERROR(D13/C13,0) -> 0
E14: =IFERROR(D14/C14,0) -> 0
E15: =IFERROR(D15/C15,0) -> 0
E16: =IFERROR(D16/C16,0) -> 0
E17: =IFERROR(D17/C17,0) -> 0
... E200: =IFERROR(D200/C200,0) -> 0

Sheet Instructions
A1: HOW TO USE THIS LEAD TRACKER
A2: The Rankers Academy — Lead Tracking Standard Operating Procedure
A4: SHEETS IN THIS WORKBOOK
A5: Dashboard | B5: View-only summary. Updates automatically as Leads sheet changes. Check this every morning.
A6: Leads | B6: MAIN SHEET. Every lead entered here. Single source of truth — do not maintain a separate list anywhere else.
A7: Counselling | B7: Madhu's slot calendar. Only Anjali and Samiksha book here. 30-min blocks. Walk-ins use 'Walk-in (urgent)' slot.
A8: Daily Activity | B8: Both callers fill at end of each day. Their dials, connects, follow-ups. Reviewed at morning huddle.
A10: LEAD STATUS FLOW (USE EXACTLY THESE)
A11: 1. Fresh | B11: Just added, not yet contacted.
A12: 2. Contacted | B12: Caller has spoken to lead at least once.
A13: 3. No Response | B13: Tried 3+ times, no answer. Move back to Contacted once they answer.
A14: 4. Interested | B14: Lead showed genuine interest. Asked about fees, batches, or scheduled a call-back.
A15: 5. Demo Class Scheduled | B15: Lead is coming for a demo class on a specific date.
A16: 6. Counselling Booked | B16: Slot booked with Madhu (on Counselling sheet).
A17: 7. Counselling Done | B17: Counselling completed. Awaiting decision.
A18: 8. Negotiation | B18: Fee discussion ongoing. Transferred to Bawankar for any commitment.
A19: 9. Admitted | B19: Form filled + first payment received. FINAL.
A20: 10. Not Interested | B20: Lead said no. Reason in Remarks.
A21: 11. Lost | B21: Went to competitor / not pursuing. Reason in Remarks.
A23: DAILY ROUTINE
A24: Morning (10:45 AM) | B24: Open Dashboard. Note today's follow-ups and overdue items. Discuss in huddle.
A25: Throughout day | B25: Update lead status in real-time after each call. Set Next Action Date for every active lead.
A26: Evening (6:30 PM) | B26: Both callers fill Daily Activity sheet before logging off.
A27: EOD by you | B27: Quick scan: any leads stale >14 days? Any overdue follow-ups? Reassign or chase.
A29: RULES — NON NEGOTIABLE
A30: Rule 1 | B30: Only ONE caller per lead. Once assigned, the other caller does not touch it without permission.
A31: Rule 2 | B31: Every active lead MUST have a Next Action Date. No blanks.
A32: Rule 3 | B32: Fee negotiation = Bawankar's job. Callers only quote standard fee.
A33: Rule 4 | B33: Madhu's slots booked only via Counselling sheet. No verbal 'send the parent in' bookings.
A34: Rule 5 | B34: Status changes to 'Admitted' only AFTER first payment hits. Not before.
A36: COLOR LEGEND
A37: Red row (Next Action Date) | B37: Follow-up is OVERDUE. Call today.
A38: Orange row (Next Action Date) | B38: Follow-up due TODAY.
A39: Red row (Days in Pipeline) | B39: Lead has been open >14 days without closure. Push or close.
A41: UPLOAD TO GOOGLE SHEETS
A42: Step 1 | B42: Go to drive.google.com → New → File upload → select this .xlsx.
A43: Step 2 | B43: Right-click uploaded file → Open with → Google Sheets.
A44: Step 3 | B44: File → Save as Google Sheets. Now share with team using Share button (give Anjali, Samiksha, Madhu 'Editor' access).
A45: Step 4 | B45: All dropdowns, formulas, and conditional formatting will work the same in Google Sheets.
